doc_id,oracion,estado
3578,"vale aclarar que bigdata es el nombre que se utiliza para describir a los grandes volúmenes de información , su almacenamiento , clasificación , análisis y compartición , que surgen de su recopilación a través de múltiples sensores y dispositivos .",positivo
2300,"la internet de las cosas es una tendencia que se complementa con bigdata y puede ayudar a generar información que permita a las empresas tomar mejores decisiones : ' vamos a poder pensar en proyectos de gran escala ' , subrayó .",positivo
405,"a partir de la bigdata que disponen las grandes empresas de tecnología sobre nosotros , se crean unas categorías personalizadas sobre lo que hacemos en sus entornos virtuales .",positivo
2540,los beneficios del bigdata en el fútbol son muy reales y se puede realmente conseguir ventaja competitiva con él .,positivo
2016,hay que entender que bigdata es una herramienta de mercadeo muy bien usada .,positivo
2713,"mirá también bigdata , cada vez más un insumo clave para las semillas de precisión entonces , lo más obvio es decir que bigdata es datos masivos .",positivo
1503,"en ese contexto de bigdata para todos , señaló , ' quien tenga las preguntas adecuadas , tendrá las respuestas correctas ' .",positivo
534,"al respecto , ariel torres , editor de tecnología del diario la nación , afirmó que el bigdata es uno de los cambios más abrumadores de los últimos años .",positivo
1101,el bigdata es la base de operaciones para decidir qué serie continuará en producción y cómo .,positivo
3043,por qué el bigdata es importante lo que hace que bigdata sea tan útil para muchas empresas es el hecho de que proporciona respuestas a muchas preguntas que las empresas ni siquiera sabían que tenían .,positivo
1458,"en dicho universo impregnado de incertidumbre y ambigüedad , las herramientas de bigdata y big analytics ( herramientas de procesamiento y análisis de datos masivos ) permiten llegar a conclusiones precisas y concretas .",positivo
1010,e información en la actualidad es sinónimo de ‘bigdata‘ .,positivo
41,' desde la ética podemos crear espacios de reflexión mediante el estudio de casos para incorporar valores en el proceso de utilización y gestión del bigdata y la construcción de algoritmos .,positivo
2421,las empresas con más éxito con bigdata consiguen valor de las siguientes formas : reducción de coste .,positivo
3335,"su ilusión , agrega , es que sus investigaciones puedan entrar en la era bigdata .",positivo
2809,"otras tecnologías que están pisando fuerte son bigdata , realidad aumentada , internet de las cosas e inteligencia artificial .",positivo
3434,"telefónica dispone de un sistema denominado bigdata que permite , mediante el desplazamiento de los usuarios de celulares dentro del ejido urbano , determinar puntos conflictivos , horarios de mayor movimiento y espacios de mayor circulación .",positivo
1094,"el bigdata en el campo médico , que integra la información genética , de salud y de estilo de vida de los individuos , es a la vez muy sensible y de un valor excepcional para las industrias farmacéutica y sanitaria .",positivo
3431,"tecnologías como la inteligencia_artificial y la realidad virtual , junto a bigdata , ofrecen condiciones óptimas para una cuarta revolución industrial .",positivo
3521,"un reciente estudio de idc ( international data corporation ) sobre usos y mercados para la tecnología y servicios de bigdata demuestra que cada caso requiere combinaciones diferentes de software , hardware y servicios para dar los mejores resultados .",positivo
218,"' se utiliza la tendencia del ' bigdata ' - recopilación y utilización de datos para mejorar el rendimiento empresarial - , de forma que podemos conocer en qué falla y en qué es bueno cada usuario que utiliza el simulador ' , agregó .",positivo
1368,"el sistema cef utiliza lo que se denomina ' bigdata ' , es decir , entrecruzamiento de datos de muy diversos orígenes , con el fin de establecer un perfil de un individuo y analizar costumbres y consumos .",positivo
2306,"la jornada comenzará a las 8 . 30 con charlas vinculadas a las nuevas oportunidades en la industria digital , realidad virtual , bigdata , estrategia y creatividad , entre otros temas .",positivo
3508,"un especialista en bigdata debe saber expresar y exponer cómo ha identificado el problema de negocio y proponer soluciones , así como preparar informes explicativos que sean confiables y entendibles para los directivos de la compañía .",positivo
179,"' los responsables de las políticas públicas deberían estar implementando políticas destinadas a guiar tendencias como la urbanización , el crecimiento de bigdata y el agrupamiento de personas en pequeñas comunidades , generalmente basado en su relación con el mercado ' , señala .",positivo
1042,"el agro en la era del bigdata sistemas de datos , prescripción y sustentabilidad con visión a largo plazo son los conceptos que resonaron en el tour tecnológico que ofreció monsanto la semana pasada .",positivo
2207,"la desideologización va de la mano con la bigdata : cuando hay suficientes datos , la teoría sobra .",positivo
1290,"el objetivo es que la bigdata se convierta en smart data , en donde puedan filtrar qué es lo que aporta el contribuyente y puedan cruzar con aquellos datos que tienen que ver con lo que gastás .",positivo
1462,"en efecto , algunas compañías manufactureras están utilizando el ' bigdata ' para , por ejemplo , descubrir conexiones entre un método de producción determinado y el tipo de embalaje más conveniente según las formas de distribución .",positivo
1134,el bigdata y la analítica y el análisis predictivo están tomando un rol muy importante al momento de definir un buen mix .,positivo
3445,"tenemos que recuperar esa competitividad y para eso es necesario el cambio tecnológico , debemos incorporar tecnología siglo 21 : todo lo que tiene que ver con automatización de campos , bigdata para decisiones online… ahí es donde apunta la eficiencia .",positivo
2281,"la incorporación de bigdata , es decir adquirir herramientas que permitan usar los datos para tomar mejores decisiones , los ayudará a mantener competitivos en la era digital .",positivo
1671,"entonces , los datos obtenidos gracias al bigdata son una valiosa fuente de información para el sector público y para el privado .",positivo
2963,"pero lo que ha quedado claro durante el último mes , es que tarde o temprano la dinámica de los mercados termina revelando las debilidades macroeconómicas , y dejando expuestos a los gurúes del bigdata .",positivo
835,"con la analítica de bigdata , más empresas están creando nuevos productos para satisfacer las necesidades puntuales de los clientes .",positivo
1604,"en otras palabras , bigdata o grandes volúmenes de datos que , gracias a las herramientas informáticas de hoy , pueden ser analizados , comparados , almacenados , y pueden jugar a favor de las empresas .",positivo
2101,"inteligencia artificial y bigdata , aliados en el trabajo diario la redacción de futuro es hoy .",positivo
244,"' una ventaja es poder descubrir el rol de cada empleado en las redes internas , y esto es posible detectar gracias a la bigdata , ya que pueden convertir en influencers entre sus compañeros ' , agrega casielles .",positivo
2381,"la tecnología ha ido ganando mucho lugar en el fútbol en este último tiempo y de la mano fueron las métricas , las estadísticas con el famoso bigdata y el mercadeo .",positivo
1740,"es la magia del bigdata , considerada por la clase dirigente estadounidense como una herramienta capaz de revolucionar el proselitismo electoral .",positivo
3090,protagonistas bigdata : el gran reto de la economía digital el enorme caudal de datos digitales se ha convertido en un capital cada vez más valioso .,positivo
2279,la importancia que en el mercado empieza a tener bigdata es también un factor que impulsa el movimiento hacia una mayor digitalización de las empresas .,positivo
605,"apple adquirió una empresa de bigdata que le permitirá analizar elenorme volumen de información de localizaciones y mapas generado por los smartphones , los coches conectados y otros dispositivos con acceso a internet .",positivo
2774,"nota relacionada : ' bigdata es un concepto que tiene un potencial enorme ' estas técnicas han adquirido enorme importancia en áreas tales como estrategias de mercadeo , soporte de decisiones , planeamiento financiero y el análisis de datos científicos , entre otras .",positivo
3642,y es que el fútbol tiene todo el potencial para analizar a través de herramientas de bigdata y analytics .,positivo
2638,maluma sacó una nueva versión de su popular tema el perdedor utilizando bigdata .,positivo
3555,"uno de los desafíos de la sociedad del futuro parecería ser aprovechar esos datos para mejorar el mundo , especialmente el de las personas mayores , donde la edad en tiempos del bigdata es lo menos importante .",positivo
3652,"y lo mismo parece estar sucediendo con el fenómeno conocido como ' bigdata ' ( bigdata ) , el aumento exponencial de disponibilidad de datos en internet que para muchos economistas , pocos meses atrás , prometía una suba de la productividad sin precedente .",positivo
1102,"el bigdata es la clave para conocer y aprender sobre la evolución de las tendencias y de los intereses de las personas , es la clave de los negocios .",positivo
3403,también se promoverá el uso de bigdata en seguridad pública y en la lucha contra el delito .,positivo
1317,el principal objetivo de hacer bigdata analytics es ayudar a las empresas a tomar mejores decisiones .,positivo
1278,el negocio del ' bigdata ' ( sistemas de almacenamiento y transferencia de grandes cantidades de información ) acelerará su crecimiento y aumentará su penetración en el mercado .,positivo
3554,uno de esos ejemplos es el de un banco que se basó en un análisis de bigdata para determinar los mejores lugares para instalar cajeros automáticos .,positivo
567,"alierta insistió en que el bigdata proporciona a las operadoras una oportunidad diferencial que han de aprovechar , pues pocos sectores cuentan con un conocimiento tan profundo de sus propios clientes como el que ya tienen las empresas de telecomunicaciones .",positivo
3439,telefónica y huawei anunciaron un acuerdo para lanzar un paquete de productos de bigdata orientados a empresas que desean desarrollar tanto casos de uso internos como vender aplicaciones de datos a sus clientes .,positivo
1395,"el uso de grandes volúmenes de datos o bigdata en la asistencia sanitaria ' tiene como objetivo proporcionar a cada paciente una atención personalizada , que combine los mejores conocimientos científicos con la experiencia personal de los profesionales de la salud ' .",positivo
2422,las empresas pueden utilizar las herramientas de bigdata para cruzar los datos de los candidatos a un trabajo o detectar potenciales compradores de sus productos o servicios .,positivo
2862,"para eso creamos un centro de innovaciones , que ya está funcionando , para poder manejar esta bigdata analitycs , para poder anticipar a las conductas de los contribuyentes y predecir sus movimientos ' , agregó sin dejar dudas .",positivo
47,"' el año pasado , el cambio más marcado fue la explosión de productos de servicios de bigdata ' , subraya amartino .",positivo
1008,durante su visita por el ' social media day jujuy ' habló sobre la importancia de empezar a aplicar la inteligencia de datos para la consolidación de las empresas . - ¿ a qué se denomina bigdata ?,positivo
3566,"usar bigdata ' no es caro , porque la nube te da soluciones rápidas y baratas .",positivo
1840,"este año los temas principales son el uso del bigdata con fines sociales , su aplicación en entornos vulnerables , la relación entre género y tecnología , las apps cívicas y las nuevas herramientas digitales para ong .",positivo
197,"' otro aspecto del ford smart mobility plan , es la expansión de las capacidades de análisis de datos o ' bigdata ' , que permitirá ofrecer servicios personalizados para los conductores .",positivo
1243,el gran secreto aquí es el poder del bigdata o de los grandes volúmenes de datos .,positivo
1060,"el año pasado se destinaron 10 mil millones de dólares para potenciar innovaciones en inteligencia_artificial , bigdata , tecnología de blockchain ( insumo principal detrás del bitcoin y otras monedas digitales ) , contratos inteligentes ( smartcontracts ) y seguridad informática .",positivo
1229,"el fenómeno de bigdata refiere a grandes volúmenes de datos , estructurados o no , que crecen a un ritmo que excede la capacidad de captura , almacenamiento , administración y análisis que poseen las herramientas tradicionales de software de bases de datos .",positivo
1377,el tema de debate de la primera jornada de la tical se basó sobre ' la bigdata ' y el análisis predictivo cuya influencia podrían cambiar el escenario tic mundial .,positivo
427,"a través de ella y con la ayuda del bigdata y el internet of things , la firma apunta a crear una comunidad global que habla y respira polo en tiempo real .",positivo
3625,"y bigdata es eso , desde el gran volumen de información que está surgiendo con la irrupción de la tecnología , el crecimiento de las aplicaciones , de movilidad ' , describió .",positivo
535,"al respecto , contó que trabajan con una base de datos construida a modo de bigdata , que permitirá ofrecer productos y promociones adecuadas a las preferencias de los mismos .",positivo
1124,el bigdata se basa en sistemas informáticos que tienen como objetivo almacenar grandes cantidades de información en bases de datos para luego identificar comportamientos .,positivo
839,"con la misión de mejorar la relación entre la banca y el cliente , aprovecha más de 10 años de experiencia en ' bigdata '  , aprendizaje automático e inteligencia_artificial .",positivo
1208,el especialista apuntó que ' el bigdata aporta una forma de relacionar con los ciudadanos ' .,positivo
3644,"y es que los datos en masa ( o ' bigdata ) constituyen la materia prima de la nueva economía digital : alimentan los algoritmos y la inteligencia_artificial , conformando una especie de ' cerebro social ' que permite controlar los más diversos sectores .",positivo
2543,los científicos tenemos que tener una postura cauta que resulte de sopesar lo bueno con lo malo . bigdata tiene mucho para brindar en disciplinas donde hay aspectos inductivos y descriptivos .,positivo
397,"a modo de ejemplo , el prestigioso national bureau of economic research americano dio un espacio considerable a la temática de bigdata y algo similar ocurrió con la agenda de todas las reuniones científicas locales .",positivo
1164,"el deporte se alía con el bigdata , en pos del objetivo siempre buscado : mejorar el rendimiento , ganar , ser el mejor .",positivo
2292,"la innovación , la creatividad , el talento , la tecnología y el poder del bigdata se constituyen como una serie de postulados inevitables de nuestro presente .",positivo
1367,"el sistema cef , con tecnología de bigdata , entrecruzará toda esa información para obtener conclusiones sobre las costumbres y hábitos de los usuarios , para controlar si se condice con su capacidad contributiva .",positivo
817,"con el fenómeno de bigdata se crearon soluciones tecnológicas que alcanzan su poder : la posibilidad de leer millones de datos en tiempo real , analizar y establecer patrones valiosos .",positivo
1782,"eso es el ' bigdata ' , recuperar grandes volúmenes de información que se analiza para extraer elementos clave y predecir el futuro .",positivo
2950,pero como bloomreach tiene la capacidad de analizar el bigdata en tiempo real - tan pronto es recolectado - la página de guess puede ser actualizada automáticamente según los descubrimientos que se hayan hecho en cualquier momento .,positivo
27,"' con herramientas de automatización de aprendizaje ( machine learning ) y opciones embebidas para visualizar ese gran volumen de datos en tiempo real ( bigdata ) , es posible elegir las kpis específicas para monitorear el negocio e inferir relaciones de esos datos .",positivo
1052,"el análisis de grandes cantidades de información , conocido como bigdata , permite a las compañías tomar decisiones de negocio en poco tiempo .",positivo
2467,"las tecnologías de analítica avanzada como bigdata , internet de las cosas , inteligencia_artificial , drones y chatbots permiten recolectar información en tiempo real , para tomar decisiones que reinventan los procesos de negocios aumentando la productividad y la eficiencia .",positivo
1475,"en el comercio , el bigdata tiene el poder de permitir a las firmas adelantar al comportamiento del consumidor para ofrecerle lo que busca en el momento adecuado .",positivo
1114,"el bigdata o dataísmo , nombre de su novedosa metodología , transforma los datos obtenidos , en relaciones , información y conocimiento .",positivo
1867,"esto es el ' bigdata ' , que cada vez tiene mayor importancia en el sector agrícola .",positivo
874,"cuando empresas como amazon recomiendan qué libro leer , lo que hay detrás del proceso es ' bigdata ' .",positivo
2236,"la evolución de bigdata , afirma meneses , llegará del lado de real time analytics , es decir el análisis de información en tiempo real .",positivo
1964,"global pulse , una nueva iniciativa de naciones unidas , quiere dar más peso a bigdata para el desarrollo global .",positivo
1841,"este avance permite el análisis de grandes cantidades de información sanitaria y de estilo de vida para luego , mediante inteligencia_artificial , ofrecer opciones basadas en bigdata .",positivo
1907,experto en datosuna profesión con futuroel crecimiento de bigdata ha disparado una demanda de profesionales especialistas en análisis de datos y nuevas tecnologías que supera en mucho la oferta actual .,positivo
2144,"la adopción de bigdata para afinar la precisión de la información es una decisión que todos los países van a tener que tomar tarde o temprano , el nuestro incluido .",positivo
1461,"en diversos sectores de la economía y la gestión político - social , se están produciendo cambios internos facilitados por la agregación y el análisis de datos ( lo que se conoce como bigdata ) .",positivo
2579,"los medios de comunicación social impulsan el crecimiento del bigdata ; dentro de los próximos cinco años , van a dominar entre el 15% y el 20% de las cuestiones relativas a los medios .",positivo
1357,"el segundo indica que el mundo será regido por estados centrales que controlen grandes volúmenes de datos ( bigdata , en inglés ) .",positivo
3040,"por otro lado , netflix , por ejemplo , es capaz de saber exactamente quién eres con un 84% de exactitud con los datos de entre seis a ocho películas que usted esté evaluando para ver . – en el libro bigdata .",positivo
2137,"kilimo utiliza bigdata para proveer recomendaciones de riego en cultivos extensivos , buscando mejorar los rendimientos y reducir los costos directos del productor agropecuario .",positivo
3643,"y es que los datos en masa ( ' bigdata ' ) constituyen la materia prima de la nueva economía digital : alimentan los algoritmos y la inteligencia_artificial , conformando una especie de ' cerebro social ' que permite controlar los más diversos sectores .",positivo
1167,el desafío del bigdata la mayoría de las compañías argentinas empezaron sumando tecnología en sus procesos de gestión y trámites .,positivo
1970,"gracias a la ayuda del bigdata los pasajeros pueden seguir el recorrido de los autobuses , trenes y subtes en tiempo real y así , planificar sus viajes con precisión .",positivo
3518,un primer objetivo de mirar bigdata es descubrir patrones comerciales repetibles .,positivo
1399,el uso de la tecnología móvil es la gran revolución . - ¿ cómo es posible procesar y digerir la alta producción de contenidos por internet ? - estamos en la época del ' bigdata ' y de filtrar .,positivo
1191,el empresario piensa que la recolección de bigdata ( concepto que se refiere al almacenamiento de grandes cantidades de información ) relacionada con los estudiantes contribuye a mejorar y personalizar su educación .,positivo
2022,hay simples ( subir varios escalones para llegar a la terraza ) y complejos ( los factores que una persona analiza para comprar un producto ) bigdata : análisis y cruzamiento de una inmensa cantidad de información para detectar patrones determinados .,positivo
2808,"otras regiones como américa latina también acompañan la tendencia : impulsado por el vertiginoso crecimiento de las redes_sociales ( y la gran cantidad de información que con ellas se genera ) , el mercado del ' bigdata ' se muestra en ascenso .",positivo
1171,el desarrollo de la inteligencia_artificial y el bigdata tienen como objetivo el sistema educativo .,positivo
1137,"el cambio cultural , se da que en la actualidad con las nuevas herramientas de bigdata , las organizaciones ahora también son capaces de trabajar con datos desestructurados .",positivo
3459,"todas estas nuevas fuentes de información en las ciudades , incluso en las de nuestro país , forma grandes volúmenes de datos , con amplia cobertura espacial , detalle y en tiempo real ( o bigdata ) .",positivo
1925,"foto : gentileza . - ¿ qué es booster agro ? - es una aplicación agrometeorológica de bigdata , hoy utilizada por más de 25 mil productores , que les permite tener información sobre el clima e información agronómica para poder tomar mejores decisiones en sus campos .",positivo
841,con los nuevos cambios la empresa quiere poner al usuario en el centro de la compañía a través seis elementos claves entre los que destacan el ' bigdata ' y la ' internet de las cosas ' .,positivo
608,"aprovecharán los beneficios del bigdata , el software y la automatización avanzada para generar una disrupción en la agricultura global - local .",positivo
2548,"los data points son los datos que se acumulan y analizan mediante las diversas técnicas de bigdata y permiten luego obtener conclusiones - o al menos intuiciones - sobre comportamientos , en este caso , de los consumidores .",positivo
1407,el uso inteligente de bigdata por parte del gobierno mejora la comprensión de los fenómenos sociales y las posibilidades de que las políticas públicas impulsen el desarrollo de la sociedad .,positivo
2896,"para las empresas con gran cantidad de procesos operativos , bigdata puede ofrecer frutos inmediatos o quick - wins .",positivo
2895,"para las ciencias sociales , habituadas a un 30 por ciento de precisión a partir de estudios basados en censos que se hacen cada 10 años , el bigdata puede significar una revolución .",positivo
73,' el uso de bigdata produce un acceso más rápido y certero ; el tema es saber cómo las empresas van a aprovechar esos datos para tomar decisiones en forma ágil y adaptar sus procesos velozmente .,positivo
1228,"el exponencial crecimiento de los datos , la digitalización y el bigdata transformarán igualmente los modelos productivos , clave para anticipar a las necesidades del cliente , para tomar mejores decisiones empresariales y para impulsar la innovación , añadió .",positivo
907,"de a poco , el sector agropecuario profundiza su relación con los avances tecnológicos y de grandes bases de datos ( bigdata ) para obtener soluciones y aplicaciones que los productores tienen disponibles a un click de su alcance .",positivo
54,' el bigdata es un instrumento psicopolítico muy eficiente que permite adquirir un conocimiento integral de la dinámica inherente a la sociedad de la comunicación .,positivo
3157,"se llama ' bigdata ' , y es una herramienta tecnológica de última generación , que tiene la capacidad de capturar y analizar una enorme cantidad de datos en tiempo real para tomar decisiones .",positivo
2289,"la información recolectada permite generar patrones y modelos de comportamiento , gustos , y hasta sentimientos de las personas que con buenos analistas de bigdata podrán luego generar contenido que penetre fácilmente en los usuarios .",positivo
2439,"las industrias que apliquen recursos tecnológicos de generación 4 . 0 , como inteligencia_artificial , realidad virtual y bigdata , podrán incrementar su productividad un 25% en los próximos 5 años , según evaluó un análisis de consultores privados .",positivo
139,' la bigdata que genera un sitio como vorterix ayuda en parte a ver cuáles son los comportamientos de los usuarios de ese sitio .,positivo
3125,"rojas planteó que este año , el crecimiento del mercado de bigdata será de entre 26 y 30% , lo que representa un nivel de crecimiento mucho mayor que el de otras tecnologías .",positivo
2149,"la agenda digital está siendo impulsada por una combinación de tecnologías disruptivas vinculadas a la internet_cosas , el bigdata , la inteligencia_artificial , la movilidad y el uso masivo de sensores .",positivo
440,"acompañados del uso de bigdata , para llevar a cabo predicciones de cultivos más precisas , estas nuevas tecnologías comienzan a encontrar su lugar en el sector agropecuario .",positivo
3063,"por último , y por medio principalmente del bdaas ( bigdata as a service ) , ayudará a los clientes a gestionar y extraer el máximo valor de sus propios datos , utilizando las infraestructuras en la nube de telefónica .",positivo
700,"bigdata es una tendencia que está surgiendo y transformando , por un lado , la forma de hacer negocios y , por otro , el modo en que las personas comprenden el mundo a través de la tecnología .",positivo
800,"con bigdata , el rastreo y análisis de datos online es posible anticipar las compras de los usuarios , incluso antes de que lo sepan .",positivo
1750,"es por esto que los profesionales que finalmente logran desarrollar esas habilidades se encuentran en alta demanda , ya que poseen la clave para liberar el potencial de bigdata dentro de las organizaciones en las que se desempeñan .",positivo
74,"' el volumen de información crece 59% todos los meses , en tanto el valor del bigdata alcanza , solo en reino unido , unos us$ 75 billones .",positivo
1861,"este tipo de sistema inteligente , comenta , entrecruza múltiples fuentes de información lo que facilita la tarea de monitoreo de los cultivos con imágenes y fotografías satelitales , la esencia del bigdata .",positivo
3466,todo esa información denominada bigdata debe ser analizada y las empresas confían en que el análisis del gran flujo de información sirve para mantener competitivo y mejorar el rendimiento del negocio digital .,positivo
1642,"en tercer orden , bigdata facilita la segmentación de poblaciones para ajustar acciones .",positivo
1126,"el bigdata se emplea para realizar investigaciones , tomar precauciones en ciberseguridad , gestionar recursos en las ciudades o para hacer propuestas de marketing .",positivo
3031,"por otra parte , el bigdata está causando una revolución en el mundo empresarial , transformando de manera fundamental los modelos de negocio existentes y creando otros completamente nuevos .",positivo
1731,"es esta capacidad para obtener , medir y analizar datos para enfoques significativos lo que constituye la potencialidad de la tecnología bigdata .",positivo
1132,el bigdata tiene ventajas en todas las áreas de actividad y sectores .,positivo
1453,"en cuatro años , todo el gobierno deberá tener proyectos de bigdata para generar desarrollo social y económico .",positivo
2801,otra cara de bigdata es que el ciudadano tiene cada vez más acceso a ver datos de gobierno que antes sólo eran analizados al interior de las administraciones públicas .,positivo
3502,un ejemplo claro de innovación en cuanto a la aplicación de bigdata en el área de recursos humanos : el caso natura .,positivo
1916,"finalmente , a los que ya estén maduros para incursionar en social selling , pudiendo ofrecer sus productos y servicios a través de linkedin , podemos ayudar utilizando bigdata o la inteligencia_artificial de linkedin sales navigator .",positivo
926,"de hecho , dice luehr , el análisis de bigdata se ha convertido en la materia prima de muchos litigios .",positivo
3506,un ejemplo de uso de bigdata en tiempo real es la fórmula 1 .,positivo
3460,todas las recorridas del presidente fueron analizadas a partir del entrecruzamiento de los resultados de las paso y datos censales ( conocido como bigdata ) para elegir los distritos en los que hay mayores chances de crecer .,positivo
2508,"lo que denomina el ' proyecto palenque ' : una plataforma de bigdata pensada para impulsar proyectos agrícolas basados en el uso , análisis y procesamiento intensivo de grandes volúmenes de datos .",positivo
3082,prever situaciones ' para las empresas sería fantástico poder detectar que un empleado se irá antes de que lo haga ' mondelli da un ejemplo de cómo el uso de bigdata puede ayudar a tomar decisiones .,positivo
1380,"el término ' bigdata ' - o datos masivos - , refiere al registro , almacenamiento y análisis de grandes volúmenes de información recolectados por sistemas informáticos para diversos fines , desde publicitarios a detección de comportamientos o tendencias sociales .",positivo
2897,"para las empresas y otras organizaciones en la vanguardia de bigdata analytics , el objetivo principal es poder usar la inteligencia que surge de analizar grandes volúmenes de información para predecir y anticipar tendencias futuras .",positivo
1068,"el avance de la tecnología permitió el almacenamiento de ' bigdata ' conocido como bigdata , entre los que se pueden incluir las bases de datos de estado .",positivo
2024,hay un trabajo de bigdata muy importante que nos permite ver para dónde va el consumidor .,positivo
3233,"según varios especialistas en informática y ejecutivos del sector , 2008 fue el año en que el término ' bigdata ' empezó a cobrar popularidad en los círculos tecnológicos .",positivo
2790,"ocurre que el bigdata es probablemente una de las herramientas claves para derrotar a los yihadistas , y científicos informáticos –como zeeshan ul - hassan usmani , quien opera la compañía de datos masivos predictifyme– son fundamentales en esa tarea .",positivo
2948,pero bigdata también es poderosa .,positivo
1079,"el bigdata , inteligencia_artificial , machine learning e internet de las cosas dejaron de ser conceptos alejados para los empresarios del agro que comenzaron a adoptar rápidamente .",positivo
2153,"la aplicación móvil cuenta a diario a los productores cuánta agua necesita su campo , con tecnología de bigdata .",positivo
909,"de acuerdo con datos publicados por la revista forbes basados en un reporte de wanted analytics , la mitad de los profesionales con experiencia en bigdata gana más de 124 mil dólares por año .",positivo
247,' uno piensa que hacer bigdata es algo casi imposible pero en realidad se puede hacer y gracias a eso se pueden dar soluciones simples para problemas complejos y eso es lo que nosotros buscamos como empresa ' señala lucas olmedo .,positivo
2462,"las soluciones y prácticas de bigdata suelen ser necesarias cuando las tecnologías y técnicas tradicionales de análisis , procesamiento y almacenamiento de datos son insuficientes para resolver necesidades de un determinado estadío del negocio .",positivo
2541,los bigdata son sistemas complejos capaces de poder manejar un enorme volumen de información sin que ello vaya en detrimento de la velocidad y la variedad de esos datos .,positivo
3061,"por último , siempre de acuerdo al informe , bigdata permitiría generar modelos de negocios y servicios innovadores , como lo representa el uso de datos de sensores de productos para crear ofertas innovadoras post - venta .",positivo
2550,"los datos dentro de los entornos de bigdata generalmente se acumulan dentro de la empresa a través de aplicaciones , sensores y fuentes externas .",positivo
3471,"todo esto es posible , además , gracias al avance de tecnologías como mobile , la nube y bigdata , que permite estudiar grandes volúmenes de información para extraer conclusiones .",positivo
2440,las ligas mundiales de béisbol las definieron dos equipos que toman sus decisiones en base a manejo de bigdata .,positivo
1771,esas compañías usan información en forma inteligente desde hace muchísimos años y son las que obtienen mayor valor de bigdata gracias a sus mejores prácticas .,positivo
1248,el indec puede y debe hacer bigdata .,positivo
2745,netflix y amazon utilizan su bigdata en combinación con algoritmos de ia para poder realizar mejores recomendaciones a sus usuarios .,positivo
1870,esto es posible porque la tecnología de bigdata ofrece herramientas que permiten aprovechar los datos que los clientes generan por fuera de las propias empresas .,positivo
1074,"el bigdata ' se usa a nivel mundial , incluso la afip tiene un observatorio de datos .",positivo
2164,la bigdata es innovación diaria .,positivo
2727,"moneyball era el libro de michael lewis , y tanto esta obra —como la película— describen una historia real : a partir de bigdata y el análisis estadístico se puede modificar la estructura de un equipo .",positivo
778,"como resultado de este trabajo y mediante el uso de herramientas de análisis de bigdata , se lograron desarrollar algoritmos que nos permiten proyectar rendimientos para la futura campaña .",positivo
3583,veamos algunas áreas críticas dónde el ' bigdata ' puede constituir una ventaja comparativa : - fidelización y retención de clientes : un adecuado análisis de los datos permite brindar experiencias de compra personalizadas y altos niveles de retención de clientes .,positivo
2652,"marketing la relación clientes - bigdata en mercadeo los clientes son una de las principales razones que motivan la implementación de la tecnología de bigdata en cualquier compañía , ya sea para realizar acciones de fidelización o para identificar nuevos potenciales .",positivo
601,"antes y durante el mundial , la selección de alemania entrenó con un software especial de la empresa alemana sap , que permite administrar grandes volúmenes de datos , llamado bigdata .",positivo
2929,"pedro de alarcón , data scientist en luca ( grupo telefónica ) , explicará cómo el bigdata puede crear valor social , mientras que sebastián sajoux , fundador y ceo de arqlite , presentará una respuesta innovadora al problema de los residuos no reciclables .",positivo
2601,los principales clubes de fútbol de todos los continentes ya utilizan bigdata para mejorar su rendimiento .,positivo
2987,podemos explicar brevemente el bigdata mencionando que en los últimos dos años la humanidad generó más datos que en toda su historia previa .,positivo
2305,"la jornada , que es organizada por la agencia digital interactivo , se iniciará con charlas vinculadas a las nuevas oportunidades en la industria digital , bigdata , estrategia y creatividad y gobierno digital , entre otros temas .",positivo
2311,"la lista de aplicaciones para el bigdata ya sea en salud , política , ciudadanía y en el comercio a nivel global es larga y la fe que hay puesta en los resultados que se pueden obtener es enorme .",positivo
1714,"es así como gestionar en base a información objetiva , con la incorporación del bigdata , es una nueva manera de hacer negocios .",positivo
1120,el bigdata posee una gran cantidad de cámaras y de sensores que son capaces de tomar y analizar diversos tipos de información .,positivo
611,aquí radica el carácter innovador de bigdata : interpretar la información que el público mismo da en diversas fuentes .,positivo
813,"con el concepto de bigdata se profundiza la capacidad de las organizaciones de hacer un buen análisis del comportamiento de la información disponible , ahora dejamos de analizar transacciones para analizar interacciones .",positivo
2499,"lo hacen mediante herramientas de bigdata , modelos scoring e incorporando información de calidad para tener mayor eficacia en la detección cuando van a un establecimiento , de modo de lograr el mayor impacto posible .",positivo
1734,"es importante destacar que la tecnología permite que casi cualquier empresa , sin importar su tamaño , tiene a su alcance las herramientas para la implementación de bigdata .",positivo
2712,mirá también ¿ puede el bigdata salvar vidas ?,positivo
1289,el objetivo era recomendar el riego más eficiente para cultivos extensivos mediante modelos matemáticos y procesamiento de grandes cantidades de datos ( bigdata ) para reducir los costos .,positivo
1186,el ejecutivo consideró que la clave del éxito de un proyecto de bigdata es conocer cuál es la problemática del cliente .,positivo
1004,"durante la jornada se presentaron charlas vinculadas a las nuevas oportunidades en la industria digital , realidad virtual , bigdata , estrategia y creatividad , entre otros temas .",positivo
930,"de hecho , plataformas de streaming cinematográfico como netflix empiezan a diseñar sus series de éxito como house of cards rastreando en el bigdata que generan todos los movimientos de sus usuarios para analizar lo que los satisface .",positivo
518,"airbnb es una gran mina de oro de datos ; de hecho , hoy bigdata cotiza bastante mejor que el oro .",positivo
3405,"también tenemos que mejorar mucho con el uso de bigdata , que nos permite conocer a nuestros clientes y sus intereses para poder captar .",positivo
1038,"el abanico de aplicaciones es interminable ; toda información que pueda ser útil en tiempo real puede ser transmitida y procesada , aún en enormes volúmenes , lo que trae aparejada otra tendencia llamada bigdata para procesamiento de grandes cantidades de datos .",positivo
2255,"la funcionaria manifestó que los bigdata ' generan una revolución cognitiva que cambia fuertemente el trabajo de la academia , los investigadores , los sistemas de salud e incluso la forma de hacer negocios ' .",positivo
849,"conceptos como bigdata , neurociencia o art management se escuchan entre las novedades que suman las b - schools a sus programas , además negocios internacionales , comercio agroalimentario internacional , marketing en internet o estructura financiera internacional .",positivo
2057,"hoy tiene , por ejemplo , un área de bigdata que considera clave : ' la tecnología es una herramienta fundamental para llegar al consumidor , que a los canales tradicionales sumó muchos otros .",positivo
2545,"los conceptos ' social networks ' , ' mobility ' , ' analytics ' or ' bigdata ' , ' cloud ' and ' things ' - internet of things - deben estar integrados , de manera que sirvan de ' exposición - nudo - desenlace ' de la solución .",positivo
1172,"el desarrollo de soluciones integrales para el análisis de datos permitirá convertir a bigdata en información utilizable , lo que generará un enorme valor para aumentar la eficiencia y la productividad .",positivo
2341,"la policía utiliza este sistema basado en bigdata ( grandes volúmenes de información ) para evaluar a las personas según sus antecedentes , lo que hacen y adónde van .",positivo
964,"desde cómo contribuir con innovación para crear una alternativa al zoológico actual hasta cómo duplicar la cantidad de puntos gratuitos de wifi , pasando por un proyecto de bigdata para atraer turismo .",positivo
116,"' evidentemente , las aplicaciones y los beneficios potenciales de bigdata son amplios .",positivo
1977,gracias al bigdata se pueden detectar patrones de conducta que antes era imposible identificar .,positivo
3166,"se puede considerar la siguiente definición : bigdata hace referencia a la información cuyo tamaño excede la habilidad de las herramientas utilizadas actualmente para capturar , gestionar y procesar la información , dentro de un período de tiempo aceptable .",positivo
1036,"el 80% de las empresas que han implementado políticas de utilización de bigdata , aseguran que les ha ayudado a tomar mejores decisiones estratégicas .",positivo
2976,"perrone brindó un ejemplo de uso positivo de los datos en el caso de telefónica luca , una división de la multinacional de telecomunicaciones que ofrece procesamiento de bigdata para que las empresas puedan definir sus estrategias comerciales .",positivo
3016,"por esta razón , la empresa ibm decidió financiar un proyecto con el objetivo de expandir las capacidades actuales de ' bigdata ' al implementar técnicas de aprendizaje profundo y computación cognitiva a gran escala .",positivo
1349,"el reto del bigdata es procesar e interpretar adecuadamente la información circulante , para que gobiernos y empresas puedan aprovechar como herramienta .",positivo
812,con el bigdata también incrementamos mucho el poder de predicción de las ciencias sociales .,positivo
1536,en este sentido la información es crítica y bigdata viene a ayudar a explorar esa información y ofrecer modelos predictivos y prescriptivos que permitan proyectar en consecuencia .,positivo
511,"ahora los deportistas empiezan también a trabajar su mente , recurriendo a las neurociencias , mientras los coachs y dts , diseñan esquemas de entrenamientos personalizados , usando técnicas de análisis conocidas como ' bigdata ' .",positivo
2741,"necesitamos una seguridad más inteligente . - teniendo en cuenta la expansión de bigdata , ¿ de qué manera se puede mejorar la seguridad ? - la seguridad permite que exista bigdata .",positivo
1404,el uso del bigdata para tomar decisiones es cada vez más común en el fútbol después de haber triunfado en otras disciplinas deportivas .,positivo
208,"' por primera vez en la historia , estamos ofreciendo a los usuarios de ios las prestigiosas herramientas de bigdata y análisis de ibm , lo que abre una gran oportunidad de mercado para apple .",positivo
2772,"nosotros le proveemos y utilizamos tecnología de bigdata y todos los días procesamos más de 40 millones de publicaciones de mercado libre en los 17 países donde está , para tomar decisiones que les permita vender más .",positivo
1118,el bigdata permite a la información interpretar a sí misma y adelantar a nuestras intenciones .,positivo
2491,legaltech es una plataforma que se basa en grandes volúmenes de datos ( bigdata ) y utiliza el aprendizaje automático ( machine learning ) para analizar el contenido de los fallos públicos y enriquecer el entendimiento de cómo funciona el sistema legal argentino .,positivo
2061,"human bigdata será una especie de tarjeta de identificación que el trabajador debe llevar cerca suyo en todo momento para monitorear su ritmo cardiaco , ubicación y actividad .",positivo
881,"cuando se habla de bigdata , se refiere al conjunto de datos o combinaciones cuyo tamaño , complejidad y velocidad de crecimiento dificultan su captura , gestión , procesamiento y análisis mediante tecnologías y herramientas convencionales .",positivo
913,"de acuerdo con suárez , ' hay muchos emprendedores que agregan valor con soluciones de bigdata , inteligencia_artificial y iot aplicado a las industrias , y mucho espacio para desarrollos en educación y salud ' .",positivo
3075,"predecir enfermedades o cibersabotajes son algunas aplicaciones del ' bigdata ' , un conjunto de tecnologías de análisis de datos en tiempo real , cuyo uso se disparó por el aumento de sensores conectados a internet .",positivo
978,"destéfanis señaló una rémora del anterior modelo mecanicista de una empresa : ' estamos acostumbrados a análisis históricos ' , mientras que el bigdata habilita a ' medir el futuro ' y establecer ' modelos predictivos ' .",positivo
101,"' esas informaciones de valor para tomar ventajas competitivas es uno de los focos más importantes del bigdata ' , apuntó .",positivo
3234,"segundo , bigdata permite pronósticos valiosos de una amplia cantidad de fenómenos a través del uso de la correlación , aunque se ignoren las causas .",positivo
3536,"una de las tendencias fuertes en materia de bigdata es la posibilidad de utilizar un modelo de cloud computing para ofrecer las herramientas de análisis de datos , infraestructura y hasta la capacidad de la red que provee la conectividad .",positivo
2138,"la ' bigdata ' permite capturar , almacenar y consultar grandes cantidades de datos complejos .",positivo
3567,"utilizado principalmente para identificar nuevas fuentes de ingresos ( 94% ) , conservar y adquirir clientes ( 90% ) y desarrollar nuevos productos y servicios ( 89% ) , el bigdata se posiciona cada vez más como una opción de alto impacto para los negocios .",positivo
793,competir usando ' bigdata ' y analytics avanzada hoy bigdata y analytics ya se han convertido en un nuevo instrumento para competir .,positivo
748,"cloud computing asociado a bigdata permite que tanto grandes compañías como pequeñas y medianas empresas puedan acceder a soluciones de procesamiento y almacenamiento de grandes volúmenes de datos , masificando la adopción de la tecnología .",positivo
2465,"las técnicas del ' bigdata ' , como se llama a esos mecanismos en la jerga estadística , combinan información de encuestas de intención de voto , indicadores sociales y resultados electorales .",positivo
2275,"la idea de bigdata , entonces , es tener la capacidad de almacenar mucha información para después , en una segunda instancia , ver cómo generar valor a partir de esa información .",positivo
533,"al respecto , ariel torres , editor de tecnología del diario la nación , afirmó que el bigdata ' es uno de los cambios más abrumadores de los últimos años .",positivo
528,"al mismo tiempo , la tecnología logró reducir los tiempos de ejecución de los proyectos y el costo de los mismos . ' 2013 fue el año de la irrupción de bigdata .",positivo
1092,"el bigdata debe lograr obtener conocimiento del tsunami de datos que fluyen alrededor de las firmas , justamente , para que el board entienda y sepa qué hacer .",positivo
1287,el objetivo del llamado fue promover la discusión sobre cómo los datos abiertos y bigdata pueden contribuir a brindar una solución a los desafíos del desarrollo en la región .,positivo
2973,pero si te apoyas en procesos mas cloud es otro costo . bigdata estará fuerte en el mercado en dos años .,positivo
1136,el boom de bigdata se refiere a la masiva disponibilidad de información generada por internet y otros mecanismos electrónicos de interacción social .,positivo
3630,"y de los trabajos que el oficialismo nacional hizo con el uso del bigdata el año pasado , el más exitoso fue en esta provincia .",positivo
851,"conclusiónel bigdata representa grandes oportunidades para el e - mail mercadeo ya que , en pocas palabras , permite establecer una conexión personal con un consumidor actual o potencial para lograr que éste sea leal a la marca .",positivo
1794,"especialistas sostienen que en la era de la información , aplicar tecnologías como bigdata al agro , resultan imprescindibles para reducir el uso de insumos para la producción .",positivo
3172,"se trata de evaluar productos y servicios que abarcan desde la administración del día a día hasta el uso de bigdata para definir incorporaciones , capacitaciones o hacer un análisis predictivo de las tendencias de permanencia o rotación .",positivo
32,"' cuando hablamos de bigdata , el principal uso que hacemos es construir productos que la gente quiere para generar comunidad ' , aseguró .",positivo
2544,"los clientes exigen experiencias omnicanales , los canales de interacción se multiplican al infinito y el desafío será integrar la información dispersa en fuentes tanto internas como externas volviendo sencillo el bigdata .",positivo
2926,"pastor explicó que ' por medio del bigdata se hace una búsqueda muy rápida de información relevante para resolver los casos , e incluso se pueden llegar a proyectar informáticamente cuál es la resolución que se debe tomar ' .",positivo
1147,el científico de datos es un claro ejemplo de una profesión nacida a la luz del auge del bigdata .,positivo
1535,"en este sentido , trabajarán con una base de datos construida a modo de bigdata , que permitirá ofrecer productos y promociones adecuadas a las preferencias de los mismos .",positivo
1157,"el contar con información tan detallada , y el aprovechar los datos que la bigdata y los sistemas de inteligencia artificial disponen , permite bajar el nivel de incertidumbre al momento de elegir los medios para una campaña .",positivo
1534,"en este sentido , la información es crítica y la empresa bigdata viene a ayudar a explorar esa información y ofrecer modelos predictivos y prescriptivos que permitan proyectar en consecuencia .",positivo
1425,empieza a jugar mucho el bigdata y otros elementos que piden una capa de software muy fuerte para atender ese volumen de clientes .,positivo
2358,la recopilación de los datos comenzó en agosto del año pasado y los investigadores usan bigdata y data analytics de sistemas muy complejos .,positivo
3199,"según el ejecutivo , ' el concepto mismo de bigdata conlleva la idea de poder identificar patrones recurrentes dentro de la acumulación de datos a gran escala ' .",positivo
1784,"eso es el bigdata aplicado al deporte : cuando la gran cantidad de información , tomada con herramientas confiables , permite generar una tendencia y sacar conclusiones ' .",positivo
3544,una mirada hacia adelanteuna de las tendencias que ya ha empezado a tomar forma entorno a bigdata es el análisis de la información en tiempo real .,positivo
156,"' la ventaja es que con el manejo de bigdata , podemos analizar ' , afirman .",positivo
2600,"los primeros pasos que se tomen para adquirir , armonizar y hacer uso de bigdata a partir de nuevas fuentes de datos siempre conducen a interesantes conocimientos nuevos .",positivo
1742,es lo que se conoce como bigdata para el bien social .,positivo
1086,"el bigdata aporta mucho al deporte más popular del mundo a la hora de generar , enviar y recibir información .",positivo
52,' el bigdata es muy útil para el diagnóstico .,positivo
2172,la capacidad predictiva de bigdata muestra perspectivas promisorias en campos como la salud pública y los pronósticos económicos .,positivo
492,"agosta señaló que ' está creciendo en el sector transporte muy fuerte el concepto de bigdata : analizar cómo viaja la gente , obtener esa información , sus costumbres y preferencias , para poder diseñar un mejor sistema de transporte .",positivo
3497,un buen análisis del bigdata con la información de deportistas que realizan el mismo esfuerzo y evaluando desgastes físicos serviría para adaptar la preparación física y evitar males mayores .,positivo
1049,el análisis de bigdata ayuda a las organizaciones a aprovechar sus datos y utilizar para identificar nuevas oportunidades .,positivo
811,"con el bigdata estamos conscientes de nosotros mismos , creamos una conciencia sobre lo que pasa en la sociedad y por eso también las ciencias sociales van a ser cada vez más importantes .",positivo
1048,"el alumno , al terminar la diplomatura , podrá enfrentar un entorno de ' bigdata ' , y proveer las mejores soluciones para su análisis .",positivo
1533,"en este sentido , es muy relevante los avances de empresas como linkedin que están tratando de sacar partido al bigdata para conocer y anticipar las demandas de habilidades del sector productivo .",positivo
2613,"los robots , algoritmos o inteligencia_artificial permiten darle sentido a enormes caudales de datos ( bigdata ) y también optimizar procesos .",positivo
176,"' los deportes norteamericanos clásicos ( fútbol americano , béisbol y básquetbol ) son los que apostaron a la profesionalización del estudio de estadísticas , inteligencia_artificial y análisis de bigdata para mejorar cada detalle de sus competiciones .",positivo
1437,"en argentina , empresas de servicios públicos , servicios financieros , manufactura ya iniciaron proyectos en este segmento , apoyados en tecnología de bigdata y analytics , con el fin de acelerar los procesos de transformación dentro de sus organizaciones .",positivo
3565,usando bigdata y las últimas tecnologías de modos totalmente novedosos se busca obtener mejores resultados en cada eslabón de la cadena de suministro de alimentos .,positivo
3104,"quien pueda invertir mejor en chupar datos de bigdata de facebook y google y hacer uso de eso , va a tener mejor posibilidad .",positivo
1265,"el manejo inteligente de ese bigdata representa una excelente oportunidad , ya que nos brinda en este caso información útil sobre las demandas de vuelos y tendencias de mercado por origen , destino y aerolínea .",positivo
1391,el uso de bigdata permite analizar grandes cantidades de información para conocer los hábitos de los clientes .,positivo
10,"' además , esta información también puede ser de utilidad en estudios de mercado , tendencias de búsqueda y otra clase de indicadores estadísticos que estas compañías pueden explotar a través de tecnologías como el bigdata ' .",positivo
402,"a partir de ahí , el camino se hace más fácil hasta que la empresa sea capaz de extraer con seguridad todo el valor que un proyecto de ' bigdata ' value le pueda proporcionar .",positivo
2644,"mara destefanis , fundadora y directora general ejecutiva de la empresa bigdata machine , expuso en esa reunión una investigación con vistas a 2017 , y explicó en exclusiva a iprofesional cómo estas tecnologías pueden descubrir esas tendencias sociales y económicas .",positivo
324,¿ podemos apostar al ganador en una carrera de caballos gracias a bigdata ?,positivo
235,"' tenemos que aprender de ' los google ' , de los que manejan toda esa gigantesca información ( bigdata ) , para poder sacar conclusiones inteligentes ' , apuntó .",positivo
1040,"el acuerdo con microsoft implica que los datos recopilados serán procesados en la nube azure , y por medio de bigdata y machine learning se emplearán para optimizar el uso de recursos .",positivo
2974,"pero también llegan otras herramientas , desde la gestión de rrhh usando bigdata hasta abogados online para empresas chicas o el diseño de apps que cada vez son mas sofisticadas .",positivo
2413,las compañías de seguros que ofrecen cotizaciones para seguros ya utilizan bigdata y herramientas de inteligencia_artificial para hacer la evaluación de riesgo de personas y propiedades .,positivo
236,"' tenemos que aprender de ‘los google’ , de los que manejan toda esa gigantesca información ( bigdata ) , para poder sacar conclusiones inteligentes ' , apuntó .",positivo
1833,estas creaciones sirven también para interpretar gran cantidad de datos ( bigdata ) y expandir la inteligencia colectiva .,positivo
3430,"tecnologías como el uso de bigdata , internet , sensores y robots han permitido una manufactura más eficiente .",positivo
1286,el objetivo del llamado fue promover la discusión sobre cómo los datos abiertos y ' bigdata ' pueden contribuir a brindar una solución a los desafíos del desarrollo en la región .,positivo
1881,"esto significa que se puede aprovechar la analítica , la inteligencia_artificial , la ubicación , el bigdata y el internet de las cosas en un mismo lugar .",positivo
3435,telefónica fue de las primeras corporaciones en tomar muy en serio la aplicación del bigdata .,positivo
1741,"es lo que moverá el mundo transaccional en los próximos 10 años . bigdata , el nombre dado al manejo inteligente de bases de datos , es una de las herramientas que crece con más fuerza entre empresas y organizaciones .",positivo
172,"' logramos desarrollar una tecnología asertiva usando como fuente bigdata y herramientas de muy bajo costo para analizar los datos y llevar al celular de cada encargado ' , dice rafael sánchez , director de desarrollo de negocios de bsg .",positivo
866,"convertir datos en conocimiento bigdata , data mining e internet_cosas son las herramientas y tecnologías que ayudarán –en un futuro cercano– a encontrar soluciones a problemas cotidianos a partir del análisis de grandes flujos de datos e información .",positivo
1133,el bigdata va a ser una de las herramientas que transformará nuestras ciudades .,positivo
2679,más y mejores negocios la transformación digital se genera especialmente a partir de las posibilidades abiertas por el bigdata y que pueden hoy ser analizadas para agregar valor al negocio y apoyar la toma de decisiones .,positivo
1053,"el análisis de grandes volúmenes de información , lo que se conoce como bigdata , exige capacidades de interpretación específicas que demandan sociólogos .",positivo
117,' generamos riqueza a partir del bigdata hace 10 años .,positivo
2376,la tecnología bigdata abre una puerta de oportunidades para el análisis de datos .,positivo
2181,"la clave está en aprender a traducirlas para profundizar el conocimiento de la audiencia y así poder brindarles mejores soluciones , productos y servicios . bigdata es un diamante en bruto que las empresas deben pulir para que pueda brillar .",positivo
3210,"según explicó el creador , antonio camacho , hocelot , mediante su plataforma bigdata , elabora perfiles personalizados de cada usuario de internet comparando todos los datos e identificando los perfiles fraudulentos .",positivo
1454,"en definitiva , es preciso implementar soluciones de movilidad , cloud computing , redes_sociales y bigdata que , en resumen , permiten recopilar , analizar y entregar informes de enormes volúmenes de datos en tiempo récord .",positivo
490,"afirman que el universo digital y bigdata están impulsando cambios transformacionales en los ámbitos social , tecnológico , científico y económico .",positivo
3632,"y desde allí observa a sus criaturas , que esperan ser moldeadas por la bigdata .",negativo
2495,limitaciones y claves para superarlas la adopción de decisiones basadas en bigdata para las políticas públicas presenta limitantes .,negativo
3344,"subir al tren de bigdata porque está de moda es tan necio como no hacerlo por la misma razón , y es crucial sopesar sus ventajas y desventajas .",negativo
395,"a medida que los análisis de bigdata se imponen en el desarrollo de diversas industrias , la protección de los datos personales de los usuarios de internet gana presencia en esa conversación .",negativo
1162,"el del bigdata es un proceso positivista y cuantitativo que ciertamente inquieta a los vigilados , pero también a quienes recogen los ( ¿ meta ?",negativo
2174,la capilaridad de internet y manipulación de bigdata por los proveedores estadounidenses implican la frágil soberanía de las sociedades civiles latinoamericanas .,negativo
562,"algunos dirigentes de cambiemos quizás consideraban que transformarían estos pequeños datos en macrodatos , pero antes que en bigdata se transformó en micro data , vacío de sustento .",negativo
1376,el talón de aquiles del bigdata es la privacidad de los datos de los usuarios .,negativo
2233,la espontaneidad y aparente anarquía de bigdata puede poner a la sociedad a confrontar entre dos valores deseables como la transparencia y la privacidad .,negativo
3024,"por lo tanto , si no se administran adecuadamente , estos bigdata internos pueden aumentar los riesgos y elevar los costos .",negativo
2637,"mal manejo de los datos el hecho de contar con bigdata , o sea mucha cantidad de datos , no soluciona el problema de malas prácticas en el manejo de la información .",negativo
2342,la posibilidad de que nuestra fascinación con los datos pueda convertir en una adicción peligrosa es el tercer riesgo para los autores de bigdata .,negativo
2206,la democracia representativa no está preparada para el bigdata y está siendo destruida ¿ y la democracia es una de esas instituciones que está siendo destruida por el bigdata ?,negativo
3412,"tanto esta empresa como las restantes dedicadas a bigdata quedaron bajo sospecha , luego del escándalo de cambridge analytica , que había robado información de 50 millones de usuarios de facebook .",negativo
1104,el bigdata es un instrumento sicopolítico muy eficiente ( … ) se trata de un conocimiento de dominación que permite intervenir en la ' psiqué ' y condicionarla a un nivel pre reflexivo ' .,negativo
2478,lea más : bigdata y privacidad : las limitaciones de la ley argentina patricio o ' gorman : ' facebook conoce más de mí que algunos de mis familiares ' *la versión original de esta nota fue publicada en la revista def n .,negativo
221,"' si el gobierno no abre los ojos , no demuestra tener corazón y piensa que puede llevar a los argentinos de la nariz con la bigdata , va a cometer un gran error histórico .",negativo
2626,"los trolls se dedicaban a publicar en sus mensajes enlaces sobre supuestos hechos que avivaban la llama contra los inmigrantes , según el estudio hecho por alto data analytics , una compañía dedicada a la comprensión del bigdata .",negativo
3470,"todo esto , sin contar con las noticias falsas , los mensajes emocionales , la manipulación digital de conducta y los bigdata , con sus millones de dobles del consumidor , del peligroso y también del votante .",negativo
2183,la combinación de bigdata y estrategias de miedo es muy peligrosa . - ¿ cuál es el peligro ? - la persecución selectiva muchas veces usa la herramienta de la discriminación .,negativo
3655,"y no hay modo de huirle a esos conceptos que millones de sujetos dominan con la misma soltura con que ( aún ) muchos resisten : ' algoritmos ' , ' ciberseguridad ' , ' smart cities ' , ' internet de las cosas ' o el temible ' bigdata ' .",negativo
2322,la naturaleza no estructurada de bigdata requiere un gran esfuerzo de sistematización para garantizar este requisito de comparabilidad y compatibilización en períodos largos .,negativo
2655,"martin hilbert , uno de los expertos en bigdata en silicon valley , ya ha llamado la atención : los gobiernos usan las ' fake news ' para manipular a los votantes .",negativo
2185,la combinación de bigdata y estrategias de miedo es muy peligrosa .,negativo
1261,"el lado oscuro - en este escenario donde el bigdata es casi omnipresente , ¿ qué amenazas acechan ? - la principal amenaza hoy por hoy es la seguridad .",negativo
3682,"ya hacia 2025 se avizora el momento de la inteligencia artificial ( ia ) integrada a los directorios de empresas , la tecnología implantable en el cuerpo humano y los censos reemplazados por bigdata .",negativo
12,"' ahora todo lo que se hace se conoce , todo es ' bigdata ' y uno no quiere que esa información se conozca ; pero los jóvenes , la última generación , se está acostumbrando a eso .",negativo
380,"a diferencia de una encuesta sistemática ( como una encuesta política o esas que todavía funcionan por teléfonos de línea ) , los datos de bigdata son anárquicos y espontáneos .",negativo
72,"' el uso de bigdata no está cerrada a gobiernos y corporaciones ; grupos criminales anónimos pueden abusar esa información también ' , dice nye .",negativo
2747,"ni la conducta humana puede planificar ni el bigdata es omnicomprensivo ' , subraya alvaro rolón , consultor y experto en innovación .",negativo
3688,"ya se han apropiado de la ' bigdata ' ( léase , los datos de todos nosotros que figuran en la anses o la afip ) para bombardear con ' comunicación adecuada ' durante las campañas o cuando cuadre .",negativo
333,"¿ qué pasa con la privacidad en la era del ' bigdata ' , una época en la que cada movimiento realizado queda registrado en alguna parte en el mundo digital ?",negativo
3298,"sin embargo , son muy pocos los que comprenden las herramientas que son usadas por quienes se dedican al bigdata .",negativo
2770,"nos rayan los ' cerebritos ' no busques nada a lo black mirror en el ranking , pues no aparecen profesiones relacionadas con el bigdata ni tampoco programadores informáticos .",negativo
1259,"el jefe de redacción de noticias , edi zunino , se hizo cargo de explicar el caso de la newsmagazine ; del excalibur al bigdata .",negativo
2995,"por : walter sosa escudero , profesor de la universidad de san andrés - conicetel reciente escándalo de privacidad que involucra a facebook pone a los algoritmos y a la idea de bigdata en el centro del debate .",negativo
39,' desde ciertos sectores del periodismo a las herramientas del bigdata o inteligencia_artificial se las suele ver como amenazas .,negativo
1809,"esta empresa , que se dedica al análisis del ' bigdata ' de millones de usuarios en facebook , se mueve entre las sombras o , al menos , detrás de otras personas .",negativo
1205,"el escándalo de cambridge analytica dejó al descubierto algo que ya se sabe que sucede desde hace años , que es la recolección de información en grandes cantidades ( bigdata ) de los usuarios por parte de las redes_sociales .",negativo
1268,"el mes pasado , fue adquirida por la empresa visualización de datos graphpath , que le permitirá ingresar a nuevos segmentos de negocios . ' bigdata es un problema para muchas industrias .",negativo
3581,"varios expertos en bigdata publicaron recientemente en science un análisis de los fallos de google flu trends , que consideraban una parábola de lo que está ocurriendo en su campo .",negativo
1952,"fuera de las cuatro o cinco ciudades principales , las comunicaciones en el ochenta por ciento del territorio son pésimas y no están a la altura de la demanda que genera el procesamiento de la bigdata .",negativo
2490,"leer más : en medio del escándalo de facebook , peña manejará ' bigdata '",negativo
1798,"espionaje de datos personales , campaña de desinformación para intentar modifi car el voto de las personas , uso masivo del bigdata .",negativo
123,"' hasta que no se pueda analizar la información , lo que se estará haciendo no es bigdata , es solo almacenamiento ' , apuntó el ejecutivo .",negativo
129,' hay una gran amenaza a la intimidad con el bigdata .,negativo
2475,lazer y los coautores de su texto creen que falta coordinación entre el bigdata y la confección de datos de toda la vida .,negativo
1016,"el ' bigdata ' , clave para trumpla utilización de datos personales fue una de las claves de la victoria de donald trump en la última elecciones en los estados unidos , cuando venció a hillary clinton .",negativo
2184,la combinación de bigdata y estrategias de miedo es muy peligrosa . – ¿ cuál es el peligro ? –la persecución selectiva muchas veces usa la herramienta de la discriminación .,negativo
2043,"hoy , las compañías tienen graves problemas de bigdata , tienen todavía que trabajar mucho en la digitalización y automatización de los procesos que , por lo general , son manuales ' , dice gabriel mysler , gerente general de la empresa de tecnología ituran .",negativo
1406,el uso del bigdata y los vacíos legales en torno al mismo generan dudas sobre la moralidad de su uso .,negativo
3649,"y la anonimación de los datos no siempre funciona bien ; tendría sentido en un entorno de datos escasos , pero el mundo de los bigdata , donde se capturan y se recombinan cada vez más datos , facilita la reidentificación .",negativo
3367,"tal vez asuste , sí , pero no hay que temer al bigdata .",negativo
1064,"el asesor del gobierno de estados unidos y experto de silicon valley en bigdata , el alemán martin hilbert , analizó las dimensiones de la crisis de facebook a raíz de la filtración de datos privados de la red .",negativo
3320,"son predicciones muy sencillas y no tan futuristas en cuanto son ya bastante previsibles : robots , vigilancia bigdata… y algo interesante , a los humanos les corresponderá hacer preguntas inteligentes .",negativo
263,"( dpa ) según la especialista en bigdata , laura lanzarini , lo que se publica en facebook ' puede ser utilizada por otras personas ' .",negativo
1717,"es común detectar ' silos ' de datos , en sistemas erp o crm no disponibles a toda la organización ; o empresas cuyas direcciones aún no perciben a bigdata como un área estratégica .",negativo
414,"a pesar de presentar al bigdata en su aspecto más positivo y revolucionario para la humanidad , los autores señalan los peligros a los que nos puede conducir una dictadura de los datos .",negativo
3105,quien se deja engañar por bigdata puede creer que comprar bufandas o camperas causa frío .,negativo
3684,"ya maneja las jubilaciones , los créditos promocionados , gran parte de la recaudación , y cuenta con una artillería peligrosísima de acceso a los bigdata .",negativo
1751,es posible que la gran mayoría de los jujeños no sepa qué es el bigdata .,negativo
348, ¿ quieren decir que no fueron seducidos por la sobredimensión que se le dio en el último tiempo al dispositivo comunicacional durán barba - marcos peña - bigdata ?,negativo
2959,"pero estos son una minoría : para los demás , la tecnología es entretenimiento y alienación ' , reflexionó pavan , y explicó que ' cuestiones como el bigdata y las ' fake news ' profundizan esto y nos van poniendo a todos en cajas ' .",negativo
30,"' cuando bigdata es más de lo mismo - sigue sosa escudero - , los viejos problemas de la estadística continúan asomando sus espantosas cabezas .",negativo
1393,el uso de enormes bases de datos personales se conoce bajo la denominacion en inglés de bigdata .,negativo
2943,pero bigdata ( y sus tecnologías asociadas ) tienen problemas serios cuando más es más de lo mismo en un contexto de cambios .,negativo
138,"' la arrogancia del bigdata ' , arrancan , ' es la suposición implícita de que pueden sustituir , en lugar de complementar , a la recopilación de datos y el análisis tradicional ' .",negativo
3680,ya es así y no necesitamos el bigdata porque estamos muy acostumbrados a eso .,negativo
2938,pero actualmente las usinas de bigdata son comparativamente mucho más pequeñas .,negativo
450,"además , el acceso indiscriminado a datos personales podría crear también problemas serios a víctimas de violencia o de conflictos , ha dicho , lo que exige garantizar un uso adecuado de todo este potencial del ' bigdata ' , añadió .",negativo
2957,"pero el bigdata también tiene una connotación más oscura en su condición de primo lingüístico de big brother , big oil y big government .",negativo
2932,"perlas útiles el bigdata fue un problema para los negocios en el pasado porque es costoso de guardar y , para que sea útil , requiere muchos conocimientos sobre informática .",negativo
3302,"sin saber qué hacer , terminan en proyectos de ' bigdata ' destinados al fracaso .",negativo
186,' ningún regulador ha tenido en cuenta que esto es un cambio en cómo concebimos el bigdata y la privacidad .,negativo
3662,y por esta razón los economistas tardaron en abrazar la tecnología de bigdata .,negativo
985,dijo que la industria bigdata obliga a la modernización .,negativo
3606,"vida privadaal tener a su disposición herramientas de bigdata , las empresas ya no solo conocen lo que sus empleados hacen en su horario de trabajo o dentro de las oficinas físicas .",negativo
1926,"foto : ip expo europe ' cuando lees un artículo sobre ' bigdata ' en una revista , se trata de cómo las grandes empresas te están espiando .",negativo
1821,"esta semana , horas después de que estallara el escándalo de cambridge analytica , el boletín oficial anunció que , bajo la órbita de marcos peña , el gobierno había creado una unidad especial ejecutora temporaria para el manejo de bigdata .",negativo
2369,"la sistematización del procesamiento de información sobre preferencias individuales a gran escala la ya famosa bigdata acompañada de aplicaciones de vigilancia , monitoreo y espionaje insertos en la inescrutable selva binaria alcanzan hoy niveles de refinamiento nauseabundos .",negativo
3256,"si hoy la problemática gira en torno a la privacidad y el análisis de bigdata por parte de grandes compañías para vendernos publicidad , hace un tiempo era el spam .",negativo
937,de lo contrario todos le tendremos mucho miedo a bigdata y se anularán las enormes posibilidades positivas que prometen .,negativo
751,colectivo dominio público ( cdp ) trabajó en una performance escénica múltiple llamada sinfonía bigdata que pone el foco en la tensión entre libertad y control que caracteriza nuestros entornos materiales y virtuales .,negativo
1361,el servicio que brinda una oficina estadísticas es técnico y algorítmico pero también comunicacional - político y eso bigdata no lo resuelve . - ¿ por qué sería importante bigdata para el indec ?,negativo
2605,los proponentes de bigdata también intentan descalificar a la ciencia estadística .,negativo
3297,"sin embargo , sigue siendo peligroso arrojar un dossier de bigdata sobre el escritorio de un ceo .",negativo
2151,"la amenaza de los bigdata viene de lejos , desde el big brother de orwell .",negativo
1412,ella misma confiesa que no se encuentra entre las filas de los predicadores de las virtudes del bigdata y se alinea claramente en la defensa de las víctimas del lado oscuro del sistema .,negativo
3467,"todo eso puede ser analizado por litigantes hostiles , reguladores o hackers usando las mismas técnicas de bigdata que emplean los magos del mercadeo .",negativo
2253,"la frase no tardó en viralizar en las redes_sociales , esgrimida como mascarón de proa por quienes sólo ven una moda pasajera en la revolución de bigdata .",negativo
2956,"pero de la sociedad de debord hemos pasado , sobre todo , a un mundo de bigdata , supervisado por google y facebook , auténticos big brothers , que él no supo imaginar .",negativo
1646,"en todo caso , aún resta determinar si lo que hizo cambridge en argentina es ilegal , puesto que el uso de bigdata , como el de perfilar usuarios y predecir sus comportamientos no es necesariamente ilegal .",negativo
81,' en el universo del bigdata hay también lo que podríamos llamar ricos y pobres de datos .,negativo
451,"además , el acceso indiscriminado a datos personales podría crear también problemas serios a víctimas de violencia o de conflictos , lo que exige garantizar un uso adecuado de todo este potencial del ' bigdata ' , añadió .",negativo
1080,"el bigdata , la dominación de los gigantes tecnológicos , la inteligencia_artificial… todo ello en una novela que explora estos temas en el momento más oportuno : en pleno escándalo con cambridge analytica .",negativo
132,"' hoy nos enteramos que se firmó un dnu , un decreto , donde el presidente le transfiere a la jefatura de gabinete todo el manejo tecnológico de todos los datos , de toda la bigdata ' , afirmó cfk .",negativo
1255,"el inminente avance de las denominadas tecnologías de la información y la comunicación , la inteligencia artificial , robótica y el bigdata resucitan en los trabajadores estos temores .",negativo
3480,todos los especialistas coinciden en que no hay que olvidar que invertir en bigdata no tendrá un retorno si no hay una empatía humana detrás hacia los consumidores y una visión creativa para comunicar .,negativo
1272,"el mundo de los bigdata parece amenazar nuestra autodeterminación informativa y nuestra privacidad o , al menos , nos obliga a pensar y defender lo privado de una manera diferente de como solíamos hacerlo .",negativo
3268,"siempre se habla del duranbarbismo , pero eso también es conocer bien el perfil de los electores en base al bigdata .",negativo
